<!--
The organizational settings file is used to define the local organizations
preferred setting within an allowed range of the STIG.

Each setting in this file is linked by STIG ID and the valid range is in an
associated comment.
-->
<OrganizationalSettings fullversion="2.1">
  <!-- Ensure ServiceName/StartupType is populated with correct AntiVirus service information-->
  <OrganizationalSetting id="V-254248" ServiceName="" StartupType="" />
  <!-- Ensure ServiceName/StartupType is populated with correct Firewall service information-->
  <OrganizationalSetting id="V-254265" ServiceName="" StartupType="" />
  <!-- Ensure "V-254343.b" -match '1|3'-->
  <OrganizationalSetting id="V-254343.b" ValueData="1" />
  <!-- Ensure "V-254344" -match '1|3|8|ShouldBeAbsent'-->
  <OrganizationalSetting id="V-254344" ValueData="8" />
  <!-- Ensure "V-254357" -match '0|1|2|99|100'-->
  <OrganizationalSetting id="V-254357" ValueData="100" />
  <!-- Ensure "V-254358" -ge '32768'-->
  <OrganizationalSetting id="V-254358" ValueData="32768" />
  <!-- Ensure "V-254359" -ge '196608'-->
  <OrganizationalSetting id="V-254359" ValueData="196608" />
  <!-- Ensure "V-254360" -ge '32768'-->
  <OrganizationalSetting id="V-254360" ValueData="32768" />
  <!-- Ensure "V-254432" -le '4'-->
  <OrganizationalSetting id="V-254432" ValueData="4" />
  <!-- Ensure location for DoD Root CA 3 certificate is present-->
  <OrganizationalSetting id="V-254442.a" Location="" />
  <!-- Ensure location for DoD Root CA 4 certificate is present-->
  <OrganizationalSetting id="V-254442.b" Location="" />
  <!-- Ensure location for DoD Root CA 5 certificate is present-->
  <OrganizationalSetting id="V-254442.c" Location="" />
  <!-- Ensure location for DoD Root CA 6 certificate is present-->
  <OrganizationalSetting id="V-254442.d" Location="" />
  <!-- Ensure location for DoD Interoperability Root CA 2 certificate is present-->
  <OrganizationalSetting id="V-254443" Location="" />
  <!-- Ensure location for US DoD CCEB Interoperability Root CA 2 certificate is present-->
  <OrganizationalSetting id="V-254444" Location="" />
  <!-- Ensure "V-254454" -le "30" and "V-254454" -gt "0"-->
  <OrganizationalSetting id="V-254454" ValueData="30" />
  <!-- Ensure "V-254456" -le "900" and "V-254456" -gt "0"-->
  <OrganizationalSetting id="V-254456" ValueData="900" />
  <!-- Ensure "V-254457" is set to the required legal notice before logon-->
  <OrganizationalSetting id="V-254457" ValueData="You are accessing a U.S. Government (USG) Information System (IS) that is provided for USG-authorized use only.
By using this IS (which includes any device attached to this IS), you consent to the following conditions:
-The USG routinely intercepts and monitors communications on this IS for purposes including, but not limited to, penetration testing, COMSEC monitoring, network oper
-At any time, the USG may inspect and seize data stored on this IS.
-Communications using, or data stored on, this IS are not private, are subject to routine monitoring, interception, and search, and may be disclosed or used for any
-This IS includes security measures (e.g., authentication and access controls) to protect USG interests--not for your personal benefit or privacy.
-Notwithstanding the above, using this IS does not constitute consent to PM, LE or CI investigative searching or monitoring of the content of privileged communicatic" />
  <!-- Ensure "V-254458" -match '^(DoD Notice and Consent Banner|US Department of Defense Warning Statement)$'-->
  <OrganizationalSetting id="V-254458" ValueData="DoD Notice and Consent Banner" />
  <!-- Ensure "V-254459" -match '1|2'-->
  <OrganizationalSetting id="V-254459" ValueData="1" />
  <!-- Ensure "V-254484" -match '1|2'-->
  <OrganizationalSetting id="V-254484" ValueData="1" />
  <!-- Ensure "V-254285" -ge '15' -or "V-254285" -eq '0'-->
  <OrganizationalSetting id="V-254285" PolicyValue="15" />
  <!-- Ensure "V-254286" -le '3' -and "V-254286" -ne '0'-->
  <OrganizationalSetting id="V-254286" PolicyValue="3" />
  <!-- Ensure "V-254287" -ge '15'-->
  <OrganizationalSetting id="V-254287" PolicyValue="15" />
  <!-- Ensure "V-254288" -ge '24'-->
  <OrganizationalSetting id="V-254288" PolicyValue="24" />
  <!-- Ensure "V-254289" -le '60' -and "V-254289" -ne '0'-->
  <OrganizationalSetting id="V-254289" PolicyValue="60" />
  <!-- Ensure "V-254290" -ne '0'-->
  <OrganizationalSetting id="V-254290" PolicyValue="1" />
  <!-- Ensure "V-254291" -ge '14'-->
  <OrganizationalSetting id="V-254291" PolicyValue="14" />
  <!-- Ensure "V-254435" -match 'Enterprise Admins,Domain Admins,(Local account and member of Administrators group|Local account),Guests'-->
  <OrganizationalSetting id="V-254435" Identity="Enterprise Admins,Domain Admins,(Local account and member of Administrators group|Local account),Guests" />
  <!-- Ensure "V-254447" -ne 'Administrator'-->
  <OrganizationalSetting id="V-254447" OptionValue="" />
  <!-- Ensure "V-254448" -ne 'Guest'-->
  <OrganizationalSetting id="V-254448" OptionValue="" />
  <!-- Ensure "V-254499" -match '^(Administrators,NT Virtual Machine\\Virtual Machines|Administrators)$'-->
  <OrganizationalSetting id="V-254499" Identity="Administrators" />
</OrganizationalSettings>
